"DBN","Poverty","district","School Name","Borough","Building Code","Student Enrollment","Percent White","Percent Black","Percent Hispanic","Percent Asian","SAT_Math","SAT_Reading","SAT_Writing","Percent Tested","Longitude","Latitude","district_SAT_Math_Avg","district_SAT_Reading_Avg","district_SAT_Writing_Avg","district_SAT_Avg"
"01M292","89.0",1,"Henry Street School for International Studies","Manhattan","M056",255,"3.9%","24.4%","56.6%","13.2%",410,406,381,"59.7%",-73.986336,40.713684,505,474,469,482.666666666667
"01M448","89.5",1,"University Neighborhood High School","Manhattan","M446",304,"3.3%","25.0%","41.1%","29.9%",437,355,352,"69.9%",-73.984497,40.712399,505,474,469,482.666666666667
"01M450","74.2",1,"East Side Community School","Manhattan","M060",666,"8.3%","22.1%","57.9%","9.4%",454,428,445,"85.2%",-73.982555,40.729589,505,474,469,482.666666666667
"01M509","86.0",1,"Marta Valle High School","Manhattan","M025",363,"2.5%","39.9%","51.2%","5.8%",438,413,394,"35.6%",-73.985645,40.720581,505,474,469,482.666666666667
"01M539","28.2",1,"New Explorations into Science, Technology and Math High School","Manhattan","M022",1735,"28.6%","13.3%","18.0%","38.5%",657,601,601,"91.0%",-73.979308,40.718895,505,474,469,482.666666666667
"01M696","35.0",1,"Bard High School Early College","Manhattan","M097",545,"45.3%","17.2%","18.7%","17.1%",634,641,639,"70.8%",-73.975891,40.719029,505,474,469,482.666666666667
"02M288","79.4",2,"Food and Finance High School","Manhattan","M535",427,"3.0%","39.6%","52.2%","4.7%",428,435,421,"52.0%",-73.992953,40.765184,459,447,440,448.666666666667
"02M294","68.7",2,"Essex Street Academy","Manhattan","M445",358,"11.7%","38.5%","41.3%","5.9%",395,411,387,"78.9%",-73.989337,40.716778,459,447,440,448.666666666667
"02M296","90.1",2,"High School of Hospitality Management","Manhattan","M535",424,"1.7%","21.0%","71.2%","5.0%",451,433,424,"56.2%",-73.992953,40.765184,459,447,440,448.666666666667
"02M298","80.9",2,"Pace High School","Manhattan","M131",423,"1.9%","28.1%","45.4%","13.7%",430,435,427,"87.8%",-73.993092,40.716553,459,447,440,448.666666666667
"02M300","80.9",2,"Urban Assembly School of Design and Construction","Manhattan","M535",414,"3.4%","29.5%","59.2%","6.0%",445,417,403,"60.6%",-73.992953,40.765184,459,447,440,448.666666666667
"02M303","100.0",2,"Facing History School","Manhattan","M535",406,"2.2%","27.3%","67.5%","1.7%",366,356,371,"57.3%",-73.992953,40.765184,459,447,440,448.666666666667
"02M305","82.4",2,"Urban Assembly Academy of Government and Law","Manhattan","M445",329,"2.7%","41.9%","49.2%","5.8%",389,395,381,"80.8%",-73.989337,40.716778,459,447,440,448.666666666667
"02M308","100.0",2,"Lower Manhattan Arts Academy","Manhattan","M445",383,"3.1%","28.2%","56.9%","8.6%",418,428,415,"65.1%",-73.989337,40.716778,459,447,440,448.666666666667
"02M316","81.5",2,"Urban Assembly School of Business for Young Women","Manhattan","M282",405,"2.2%","52.8%","39.3%","3.5%",418,420,417,"75.0%",-74.013302,40.70568,459,447,440,448.666666666667
"02M374","72.6",2,"Gramercy Arts High School","Manhattan","M460",530,"5.8%","42.5%","44.2%","3.6%",446,459,455,"79.6%",-73.987659,40.735494,459,447,440,448.666666666667
"02M376","45.9",2,"NYC iSchool","Manhattan","M615",442,"28.7%","19.9%","39.8%","8.6%",518,515,503,"96.0%",-74.004625,40.7244,459,447,440,448.666666666667
"02M392","77.4",2,"Manhattan Business Academy","Manhattan","M440",438,"3.9%","28.1%","62.1%","3.4%",410,407,399,"69.7%",-74.002136,40.742867,459,447,440,448.666666666667
"02M393","100.0",2,"Business of Sports School","Manhattan","M625",449,"1.6%","35.4%","59.5%","2.2%",395,386,371,"67.5%",-73.990593,40.76337,459,447,440,448.666666666667
"02M399","85.8",2,"High School for Language and Diplomacy","Manhattan","M460",437,"5.7%","20.4%","40.3%","31.1%",446,433,411,"70.2%",-73.987659,40.735494,459,447,440,448.666666666667
"02M400","74.4",2,"High School for Environmental Studies","Manhattan","M834",1301,"6.6%","14.7%","62.9%","15.1%",469,454,444,"74.0%",-73.987531,40.767791,459,447,440,448.666666666667
"02M407","18.9",2,"Institute for Collaborative Education","Manhattan","M475",482,"56.5%","14.1%","14.9%","5.8%",501,550,541,"78.6%",-73.983031,40.732447,459,447,440,448.666666666667
"02M408","33.4",2,"Professional Performing Arts High School","Manhattan","M017",536,"42.9%","26.2%","22.3%","2.5%",496,520,516,"72.2%",-73.988019,40.761448,459,447,440,448.666666666667
"02M411","59.6",2,"Baruch College Campus High School","Manhattan","M874",451,"22.8%","6.2%","14.9%","54.8%",592,526,531,"94.3%",-73.986521,40.74193,459,447,440,448.666666666667
"02M412","35.8",2,"NYC Lab School for Collaborative Studies","Manhattan","M070",587,"46.0%","6.0%","15.5%","27.6%",595,550,555,"79.8%",-74.002198,40.742129,459,447,440,448.666666666667
"02M413","37.7",2,"School of the Future High School","Manhattan","M660",713,"35.9%","11.7%","30.4%","14.4%",534,533,522,"89.9%",-73.985479,40.738952,459,447,440,448.666666666667
"02M414","72.8",2,"NYC Museum School","Manhattan","M070",471,"12.1%","12.7%","39.7%","34.2%",560,530,522,"90.0%",-74.002198,40.742129,459,447,440,448.666666666667
"02M416","24.6",2,"Eleanor Roosevelt High School","Manhattan","M855",541,"61.4%","4.4%","10.9%","20.1%",641,617,631,"86.0%",-73.953608,40.770187,459,447,440,448.666666666667
"02M418","43.6",2,"Millennium High School","Manhattan","M824",659,"32.8%","7.6%","18.2%","38.4%",577,560,567,"94.0%",-74.011556,40.704487,459,447,440,448.666666666667
"02M419","88.5",2,"Landmark High School","Manhattan","M440",355,"1.7%","24.2%","68.5%","3.7%",386,386,386,"30.6%",-74.002136,40.742867,459,447,440,448.666666666667
"02M420","100.0",2,"High School for Health Professions and Human Services","Manhattan","M475",1664,"7.3%","18.9%","50.9%","22.4%",452,445,430,"86.9%",-73.983031,40.732447,459,447,440,448.666666666667
"02M425","75.8",2,"Leadership and Public Service High School","Manhattan","M894",699,"4.4%","27.9%","61.9%","3.9%",390,396,392,"54.9%",-74.012332,40.70873,459,447,440,448.666666666667
"02M427","85.3",2,"Manhattan Academy for Arts and Language","Manhattan","M620",334,"1.5%","4.8%","91.3%","2.4%",350,334,321,"46.1%",-73.981241,40.746176,459,447,440,448.666666666667
"02M437","81.2",2,"Hudson High School of Learning Technologies","Manhattan","M440",483,"3.3%","29.2%","59.4%","6.4%",378,407,388,"71.8%",-74.002136,40.742867,459,447,440,448.666666666667
"02M438","87.8",2,"International High School at Union Square","Manhattan","M460",353,"9.9%","14.2%","45.3%","30.6%",403,330,316,"53.2%",-73.987659,40.735494,459,447,440,448.666666666667
"02M439","75.9",2,"Manhattan Village Academy","Manhattan","M873",415,"7.2%","9.6%","67.2%","7.2%",522,479,510,"98.8%",-73.991512,40.741497,459,447,440,448.666666666667
"02M449","75.5",2,"Vanguard High School","Manhattan","M480",486,"4.7%","27.4%","57.0%","7.6%",431,409,396,"63.8%",-73.960059,40.765359,459,447,440,448.666666666667
"02M459","100.0",2,"Manhattan International High School","Manhattan","M480",343,"12.2%","16.6%","41.1%","29.4%",438,358,382,"58.6%",-73.960059,40.765359,459,447,440,448.666666666667
"02M475","45.5",2,"Stuyvesant High School","Manhattan","M477",3296,"20.4%","0.8%","2.6%","73.4%",754,697,693,"97.4%",-74.013748,40.71759,459,447,440,448.666666666667
"02M489","79.4",2,"High School of Economics and Finance","Manhattan","M833",796,"7.2%","22.9%","47.1%","21.7%",469,442,447,"66.8%",-74.012022,40.709196,459,447,440,448.666666666667
"02M500","89.4",2,"Unity Center for Urban Technologies","Manhattan","M620",284,"4.9%","27.5%","58.8%","6.0%",375,385,387,"62.8%",-73.981241,40.746176,459,447,440,448.666666666667
"02M507","100.0",2,"Urban Assembly Gateway School for Technology","Manhattan","M625",472,"5.7%","30.3%","53.8%","7.8%",445,432,415,"78.4%",-73.990593,40.76337,459,447,440,448.666666666667
"02M519","54.5",2,"Talent Unlimited High School","Manhattan","M480",506,"20.4%","33.4%","39.9%","4.9%",485,498,496,"89.3%",-73.960059,40.765359,459,447,440,448.666666666667
"02M520","72.9",2,"Murry Bergtraum High School for Business Careers","Manhattan","M520",971,"3.0%","46.1%","40.7%","8.9%",418,415,398,"44.3%",-74.000851,40.711442,459,447,440,448.666666666667
"02M529","78.3",2,"Jacqueline Kennedy Onassis High School","Manhattan","M486",676,"3.6%","21.3%","70.1%","4.0%",418,422,415,"53.8%",-73.983078,40.757729,459,447,440,448.666666666667
"02M531","79.7",2,"Repertory Company High School for Theatre Arts","Manhattan","M896",246,"8.5%","37.4%","50.4%","1.6%",425,451,458,"89.5%",-73.984382,40.755843,459,447,440,448.666666666667
"02M542","100.0",2,"Manhattan Bridges High School","Manhattan","M535",529,"0.0%","0.0%","100.0%","0.0%",409,360,347,"84.4%",-73.992953,40.765184,459,447,440,448.666666666667
"02M543","100.0",2,"New Design High School","Manhattan","M445",441,"3.9%","30.8%","56.9%","5.9%",381,396,372,"73.7%",-73.989337,40.716778,459,447,440,448.666666666667
"02M545","88.7",2,"High School for Dual Language and Asian Studies","Manhattan","M445",416,"1.7%","3.1%","5.5%","88.9%",613,453,463,"95.9%",-73.989337,40.716778,459,447,440,448.666666666667
"02M551","63.3",2,"Urban Assembly New York Harbor School","Manhattan","M877",447,"18.8%","23.7%","51.7%","2.9%",446,453,428,"78.8%",-74.011631,40.701695,459,447,440,448.666666666667
"02M580","85.3",2,"Richard R. Green High School of Teaching","Manhattan","M282",566,"2.7%","31.1%","58.8%","6.2%",411,415,409,"60.0%",-74.013302,40.70568,459,447,440,448.666666666667
"02M600","82.4",2,"High School of Fashion Industries","Manhattan","M600",1770,"3.8%","36.3%","53.8%","5.0%",433,442,427,"80.6%",-73.996074,40.745156,459,447,440,448.666666666667
"02M615","87.9",2,"Chelsea Career and Technical Education High School","Manhattan","M615",439,"3.2%","28.9%","57.4%","8.2%",439,418,400,"80.4%",-74.004625,40.7244,459,447,440,448.666666666667
"02M630","69.2",2,"Art and Design High School","Manhattan","M488",1476,"10.8%","24.1%","54.7%","8.5%",455,475,458,"70.1%",-73.967203,40.75924,459,447,440,448.666666666667
"02M655","75.0",2,"Life Sciences Secondary School","Manhattan","M645",697,"3.2%","28.3%","62.2%","4.3%",435,440,425,"63.0%",-73.945637,40.783625,459,447,440,448.666666666667
"03M299","81.4",3,"High School for Arts, Imagination, and Inquiry","Manhattan","M490",447,"0.9%","38.5%","58.8%","0.4%",375,389,380,"58.8%",-73.984753,40.774351,452,451,447,450
"03M307","75.7",3,"Urban Assembly School for Media Studies","Manhattan","M490",412,"1.7%","36.4%","57.8%","1.9%",392,419,396,"49.5%",-73.984753,40.774351,452,451,447,450
"03M402","91.2",3,"Urban Assembly School for Green Careers","Manhattan","M470",353,"2.8%","23.2%","72.0%","1.1%",393,371,378,"60.0%",-73.974614,40.785803,452,451,447,450
"03M403","86.5",3,"Global Learning Collaborative","Manhattan","M470",496,"5.4%","25.0%","66.3%","2.4%",406,407,413,"59.4%",-73.974614,40.785803,452,451,447,450
"03M415","100.0",3,"Wadleigh Secondary School for the Performing and Visual Arts","Manhattan","M088",445,"1.0%","52.0%","44.2%","1.8%",381,401,392,"52.6%",-73.954142,40.802207,452,451,447,450
"03M417","50.6",3,"Frank McCourt High School","Manhattan","M470",387,"31.8%","15.8%","40.1%","8.8%",489,491,500,"89.1%",-73.974614,40.785803,452,451,447,450
"03M479","28.2",3,"Beacon High School","Manhattan","M837",1285,"51.8%","13.7%","23.8%","8.9%",583,586,595,"82.8%",-73.987479,40.772007,452,451,447,450
"03M485","30.8",3,"Fiorello H. LaGuardia High School of Music and Art and Performing Arts","Manhattan","M485",2635,"45.3%","11.3%","19.4%","19.4%",592,592,597,"88.5%",-73.985273,40.773629,452,451,447,450
"03M492","90.4",3,"High School for Law, Advocacy, and Community Justice","Manhattan","M490",510,"2.2%","42.0%","52.7%","2.4%",415,417,402,"60.5%",-73.984753,40.774351,452,451,447,450
"03M494","91.8",3,"High School of Arts and Technology","Manhattan","M490",594,"2.9%","32.5%","59.3%","3.9%",421,428,406,"44.4%",-73.984753,40.774351,452,451,447,450
"03M541","62.3",3,"Manhattan / Hunter Science High School","Manhattan","M490",451,"13.1%","16.4%","37.9%","25.9%",581,531,535,"97.2%",-73.984753,40.774351,452,451,447,450
"03M860","73.2",3,"Frederick Douglass Academy II Secondary School","Manhattan","M088",411,"1.9%","67.8%","26.3%","2.2%",390,384,373,"63.8%",-73.954142,40.802207,452,451,447,450
"04M409","100.0",4,"Coalition School for Social Change","Manhattan","M045",283,"3.5%","41.0%","50.2%","4.2%",344,368,367,"40.5%",-73.933319,40.798884,446,436,430,437.333333333333
"04M435","81.0",4,"Manhattan Center for Science and Mathematics","Manhattan","M435",1603,"4.2%","20.9%","54.1%","19.2%",556,505,495,"87.6%",-73.934028,40.793856,446,436,430,437.333333333333
"04M495","87.9",4,"Park East High School","Manhattan","M495",413,"1.7%","27.6%","63.7%","4.8%",429,433,435,"89.6%",-73.944356,40.790543,446,436,430,437.333333333333
"04M555","89.7",4,"Central Park East High School","Manhattan","M013",466,"3.9%","24.5%","63.3%","7.3%",483,468,439,"97.9%",-73.949381,40.793763,446,436,430,437.333333333333
"04M610","81.0",4,"Young Women's Leadership School","Manhattan","M895",480,"3.4%","27.9%","57.4%","8.9%",478,465,472,"100.0%",-73.947428,40.792741,446,436,430,437.333333333333
"04M680","87.3",4,"Heritage School","Manhattan","M107",322,"1.9%","32.3%","63.7%","1.2%",385,380,370,"56.8%",-73.946558,40.791881,446,436,430,437.333333333333
"05M304","90.7",5,"Mott Hall High School","Manhattan","M136",428,"0.7%","38.3%","59.1%","0.9%",416,445,440,"36.9%",-73.947712,40.817372,483,471,466,473.333333333333
"05M362","55.8",5,"Columbia Secondary School","Manhattan","M125",659,"14.8%","22.0%","48.1%","13.7%",583,561,546,"88.2%",-73.955809,40.810431,483,471,466,473.333333333333
"05M362","55.8",5,"Columbia Secondary School","Manhattan","M125",659,"14.8%","22.0%","48.1%","13.7%",583,561,546,"88.2%",-73.955997,40.810511,483,471,466,473.333333333333
"05M367","79.5",5,"Academy for Social Action (College Board)","Manhattan","M043",234,"2.8%","46.5%","49.3%","0.5%",357,349,365,"54.0%",-73.955325,40.815256,483,471,466,473.333333333333
"05M369","85.2",5,"Urban Assembly School for the Performing Arts","Manhattan","M043",358,"1.4%","52.2%","43.0%","0.8%",379,399,388,"76.7%",-73.955325,40.815256,483,471,466,473.333333333333
"05M499","73.1",5,"Frederick Douglass Academy","Manhattan","M010",1428,"1.4%","70.4%","23.2%","1.7%",463,452,450,"65.1%",-73.93712,40.824319,483,471,466,473.333333333333
"05M670","77.4",5,"Thurgood Marshall Academy for Learning and Social Change","Manhattan","M970",561,"0.8%","77.6%","19.6%","1.3%",402,394,400,"84.7%",-73.944202,40.815509,483,471,466,473.333333333333
"05M692","51.1",5,"High School for Mathematics, Science, and Engineering at City College","Manhattan","M812",470,"26.8%","9.6%","21.7%","38.5%",683,610,596,"92.6%",-73.949097,40.82074,483,471,466,473.333333333333
"06M293","78.0",6,"City College Academy of the Arts","Manhattan","M218",587,"1.2%","3.8%","94.1%","0.9%",495,445,450,"95.3%",-73.930672,40.86079,413,406,404,407.666666666667
"06M346","90.1",6,"Community Health Academy of the Heights","Manhattan","M814",629,"2.7%","4.9%","91.8%","0.0%",387,389,385,"55.3%",-73.942072,40.833687,413,406,404,407.666666666667
"06M348","100.0",6,"Washington Heights Expeditionary Learning School","Manhattan","M143",705,"0.5%","3.8%","94.8%","0.3%",443,423,434,"87.0%",-73.930948,40.848908,413,406,404,407.666666666667
"06M462","97.8",6,"College Academy","Manhattan","M465",491,"0.6%","9.0%","89.2%","0.2%",367,377,363,"41.9%",-73.927051,40.855954,413,406,404,407.666666666667
"06M463","90.8",6,"High School for Media and Communications","Manhattan","M465",479,"1.3%","13.8%","82.5%","1.9%",378,381,383,"33.0%",-73.927051,40.855954,413,406,404,407.666666666667
"06M467","78.4",6,"High School for Law and Public Service","Manhattan","M465",671,"1.6%","16.8%","80.8%","0.4%",401,394,381,"44.1%",-73.927051,40.855954,413,406,404,407.666666666667
"06M468","98.3",6,"High School for Health Careers and Sciences","Manhattan","M465",605,"1.5%","15.9%","79.8%","1.3%",374,385,389,"56.2%",-73.927051,40.855954,413,406,404,407.666666666667
"06M540","86.9",6,"A. Philip Randolph Campus High School","Manhattan","M540",1354,"1.7%","32.0%","59.7%","4.9%",459,453,447,"74.0%",-73.950356,40.818188,413,406,404,407.666666666667
"07X221","96.8",7,"South Bronx Preparatory (College Board)","Bronx","X149",654,"1.4%","25.2%","70.3%","1.7%",419,414,394,"76.9%",-73.920782,40.813983,395,393,382,390
"07X334","96.5",7,"International Community High School","Bronx","X139",463,"1.3%","14.0%","76.7%","6.5%",345,338,312,"58.2%",-73.917792,40.81004,395,393,382,390
"07X427","90.7",7,"Community School for Social Justice","Bronx","X884",324,"1.2%","29.6%","67.3%","1.5%",380,382,362,"38.4%",-73.930386,40.815938,395,393,382,390
"07X473","95.6",7,"Mott Haven Village Preparatory High School","Bronx","X470",364,"0.5%","25.3%","73.6%","0.3%",377,373,369,"44.9%",-73.91103,40.81825,395,393,382,390
"07X495","90.1",7,"University Heights Secondary School","Bronx","X470",486,"1.6%","30.0%","64.6%","3.1%",420,446,424,"87.8%",-73.91103,40.81825,395,393,382,390
"07X500","78.3",7,"Hostos-Lincoln Academy of Science","Bronx","X162",544,"1.5%","22.5%","69.9%","3.8%",463,451,435,"80.0%",-73.91224,40.815498,395,393,382,390
"07X527","90.3",7,"Bronx Leadership Academy II High School","Bronx","X790",495,"0.8%","32.3%","63.4%","2.2%",384,355,361,"61.3%",-73.923829,40.82231,395,393,382,390
"07X547","85.7",7,"New Explorers High School","Bronx","X790",475,"0.4%","31.4%","67.6%","0.4%",390,398,376,"30.4%",-73.923829,40.82231,395,393,382,390
"07X548","89.3",7,"Urban Assembly School for Careers in Sports","Bronx","X790",587,"1.4%","28.6%","69.5%","0.2%",402,405,395,"55.5%",-73.923829,40.82231,395,393,382,390
"07X551","93.6",7,"Urban Assembly Bronx Academy of Letters","Bronx","X183",591,"1.5%","30.4%","66.9%","0.9%",398,400,405,"57.8%",-73.925313,40.813641,395,393,382,390
"07X600","90.7",7,"Alfred E. Smith Career and Technical Education High School","Bronx","X600",375,"0.8%","29.1%","68.3%","1.1%",390,373,371,"29.8%",-73.919867,40.818232,395,393,382,390
"07X670","91.3",7,"Health Opportunities High School","Bronx","X884",554,"1.8%","36.1%","57.9%","3.1%",374,386,382,"57.9%",-73.930386,40.815938,395,393,382,390
"08X269","77.0",8,"Bronx Studio School for Writers and Artists","Bronx","X392",565,"0.6%","20.3%","76.9%","1.2%",417,412,403,"71.6%",-73.893128,40.820579,398,403,393,398
"08X282","89.9",8,"Women's Academy of Excellence","Bronx","X174",345,"2.6%","50.1%","41.2%","3.5%",386,390,389,"45.2%",-73.85658,40.814833,398,403,393,398
"08X293","100.0",8,"Renaissance High School for Musical Theater and Technology","Bronx","X405",444,"7.2%","27.9%","61.0%","3.2%",390,411,393,"52.3%",-73.838545,40.840702,398,403,393,398
"08X305","100.0",8,"Pablo Neruda Academy","Bronx","X450",315,"1.3%","26.0%","67.6%","4.4%",394,384,383,"44.2%",-73.856167,40.82229,398,403,393,398
"08X312","100.0",8,"Millennium Art Academy","Bronx","X450",487,"1.8%","30.0%","65.1%","2.3%",396,413,395,"39.2%",-73.856167,40.82229,398,403,393,398
"08X332","89.0",8,"Holcombe L. Rucker School of Community Research","Bronx","X039",236,"0.4%","43.2%","54.7%","0.4%",376,372,369,"59.0%",-73.898212,40.817512,398,403,393,398
"08X367","84.8",8,"Archimedes Academy for Math, Science, and Technology Applications","Bronx","X174",637,"2.2%","30.9%","60.6%","5.5%",418,430,403,"51.2%",-73.85658,40.814833,398,403,393,398
"08X376","67.1",8,"Antonia Pantoja Preparatory Academy (College Board)","Bronx","X450",450,"1.3%","26.2%","65.4%","6.3%",435,415,423,"44.9%",-73.856167,40.82229,398,403,393,398
"08X405","72.6",8,"Herbert H. Lehman High School","Bronx","X405",1535,"10.6%","23.6%","54.9%","9.2%",426,419,407,"28.9%",-73.838545,40.840702,398,403,393,398
"08X452","100.0",8,"Bronx Guild","Bronx","X450",326,"1.2%","32.2%","61.7%","4.0%",365,393,357,"41.3%",-73.856167,40.82229,398,403,393,398
"08X519","85.3",8,"Felisa Rincon de Gautier Institute for Law and Public Policy","Bronx","X972",307,"2.9%","25.4%","67.8%","2.0%",389,408,413,"31.3%",-73.881479,40.821146,398,403,393,398
"08X530","91.7",8,"Banana Kelly High School","Bronx","X039",325,"1.2%","37.2%","60.6%","0.0%",378,391,378,"25.7%",-73.898212,40.817512,398,403,393,398
"09X227","100.0",9,"Bronx Collegiate Academy","Bronx","X410",382,"0.3%","28.5%","69.1%","1.0%",395,401,382,"45.5%",-73.91091,40.840422,400,392,392,394.666666666667
"09X231","81.4",9,"Eagle Academy for Young Men","Bronx","X465",608,"0.5%","60.7%","36.0%","0.3%",398,410,397,"65.7%",-73.89705,40.844958,400,392,392,394.666666666667
"09X241","93.4",9,"Urban Assembly School for Applied Math and Science","Bronx","X970",619,"1.1%","33.0%","64.1%","1.4%",445,418,422,"87.8%",-73.901316,40.839244,400,392,392,394.666666666667
"09X250","94.2",9,"Eximius College Preparatory Academy (College Board)","Bronx","X002",449,"0.7%","45.2%","52.1%","1.1%",400,391,397,"78.2%",-73.902499,40.833665,400,392,392,394.666666666667
"09X252","90.0",9,"Mott Hall Bronx High School","Bronx","X970",402,"1.2%","20.1%","75.6%","1.2%",417,399,398,"46.2%",-73.901316,40.839244,400,392,392,394.666666666667
"09X260","83.4",9,"Bronx Center for Science and Mathematics","Bronx","X002",457,"1.5%","25.4%","65.9%","6.3%",513,468,485,"73.9%",-73.902499,40.833665,400,392,392,394.666666666667
"09X263","88.0",9,"Validus Preparatory Academy: An Expeditionary Learning School","Bronx","X970",375,"0.8%","26.9%","70.7%","1.6%",382,375,384,"59.2%",-73.901316,40.839244,400,392,392,394.666666666667
"09X297","92.6",9,"Morris Academy for Collaborative Studies","Bronx","X400",471,"0.4%","26.3%","72.0%","0.8%",407,389,386,"44.8%",-73.904473,40.827642,400,392,392,394.666666666667
"09X324","93.6",9,"Bronx Early College Academy for Teaching and Learning","Bronx","X166",503,"0.4%","28.7%","67.4%","3.6%",424,413,409,"93.3%",-73.917668,40.828696,400,392,392,394.666666666667
"09X329","100.0",9,"DreamYard Preparatory School","Bronx","X410",336,"1.2%","33.6%","60.7%","1.5%",385,385,388,"51.1%",-73.91091,40.840422,400,392,392,394.666666666667
"09X365","97.8",9,"Academy for Language and Technology","Bronx","X082",322,"0.0%","0.3%","99.7%","0.0%",371,334,348,"78.9%",-73.91607,40.849623,400,392,392,394.666666666667
"09X403","90.0",9,"Bronx International High School","Bronx","X400",409,"1.7%","20.0%","74.1%","3.4%",355,330,320,"59.1%",-73.904473,40.827642,400,392,392,394.666666666667
"09X404","91.7",9,"School for Excellence","Bronx","X400",421,"1.0%","26.6%","70.8%","0.7%",377,385,383,"38.4%",-73.904473,40.827642,400,392,392,394.666666666667
"09X412","100.0",9,"Bronx High School of Business","Bronx","X410",339,"1.2%","33.3%","63.1%","1.5%",365,360,346,"33.3%",-73.91091,40.840422,400,392,392,394.666666666667
"09X413","100.0",9,"Bronx High School for Medical Science","Bronx","X410",472,"0.7%","36.7%","53.4%","7.1%",431,421,426,"83.9%",-73.91091,40.840422,400,392,392,394.666666666667
"09X505","92.8",9,"Bronx School for Law, Government, and Justice","Bronx","X460",778,"1.0%","23.1%","72.0%","2.2%",403,409,415,"63.8%",-73.918681,40.827607,400,392,392,394.666666666667
"09X517","86.4",9,"Frederick Douglass Academy III Secondary School","Bronx","X148",427,"2.3%","50.4%","45.4%","0.7%",387,386,386,"50.5%",-73.90449,40.833511,400,392,392,394.666666666667
"09X525","88.8",9,"Bronx Leadership Academy High School","Bronx","X876",686,"0.6%","35.7%","61.7%","0.4%",375,372,374,"49.1%",-73.903236,40.843588,400,392,392,394.666666666667
"09X543","91.9",9,"High School for Violin and Dance","Bronx","X400",384,"0.3%","34.1%","64.6%","0.5%",363,401,396,"31.3%",-73.904473,40.827642,400,392,392,394.666666666667
"10X141","54.7",10,"Riverdale/Kingsbridge Academy","Bronx","X141",1381,"23.7%","12.3%","55.7%","7.7%",496,485,476,"69.4%",-73.913486,40.888338,434,427,422,427.666666666667
"10X213","89.4",10,"Bronx Engineering and Technology Academy","Bronx","X475",417,"1.4%","34.3%","55.9%","6.7%",394,406,391,"59.6%",-73.912256,40.877105,434,427,422,427.666666666667
"10X225","100.0",10,"Theatre Arts Production Company School","Bronx","X137",632,"0.7%","29.2%","66.6%","1.2%",402,421,410,"77.7%",-73.896717,40.854493,434,427,422,427.666666666667
"10X237","100.0",10,"Marie Curie School for Medicine, Nursing, and Health Professions","Bronx","X143",583,"3.3%","35.7%","56.9%","2.7%",423,420,425,"68.6%",-73.901099,40.875911,434,427,422,427.666666666667
"10X243","96.5",10,"West Bronx Academy for the Future","Bronx","X435",599,"3.0%","21.1%","72.0%","2.7%",404,383,378,"57.3%",-73.888267,40.860043,434,427,422,427.666666666667
"10X268","96.1",10,"Kingsbridge International High School","Bronx","X430",461,"2.0%","5.2%","85.9%","6.5%",366,311,310,"50.7%",-73.898309,40.870293,434,427,422,427.666666666667
"10X284","85.2",10,"Bronx School of Law and Finance","Bronx","X475",426,"2.6%","30.3%","64.8%","2.1%",384,394,366,"48.3%",-73.912256,40.877105,434,427,422,427.666666666667
"10X342","98.8",10,"International School for Liberal Arts","Bronx","X430",561,"0.5%","0.0%","99.5%","0.0%",390,387,379,"19.2%",-73.898309,40.870293,434,427,422,427.666666666667
"10X368","90.8",10,"In-Tech Academy","Bronx","X368",1022,"3.4%","10.8%","82.8%","2.8%",426,419,404,"85.9%",-73.909896,40.879368,434,427,422,427.666666666667
"10X374","88.3",10,"Knowledge and Power Preparatory Academy International High School (KAPPA)","Bronx","X435",487,"2.1%","32.2%","61.4%","2.5%",408,417,404,"66.7%",-73.888267,40.860043,434,427,422,427.666666666667
"10X433","89.7",10,"High School for Teaching and the Professions","Bronx","X430",486,"2.7%","20.4%","74.5%","1.9%",372,361,369,"46.5%",-73.898309,40.870293,434,427,422,427.666666666667
"10X434","85.3",10,"Belmont Preparatory High School","Bronx","X435",416,"1.9%","30.0%","65.6%","2.2%",413,408,402,"55.3%",-73.888267,40.860043,434,427,422,427.666666666667
"10X437","88.3",10,"Fordham High School for the Arts","Bronx","X435",401,"2.5%","30.9%","65.1%","1.0%",398,404,412,"56.2%",-73.888267,40.860043,434,427,422,427.666666666667
"10X438","92.2",10,"Fordham Leadership Academy for Business and Technology","Bronx","X435",438,"2.7%","27.6%","67.8%","1.8%",355,373,368,"44.3%",-73.888267,40.860043,434,427,422,427.666666666667
"10X439","91.2",10,"Bronx High School for Law and Community Service","Bronx","X435",398,"1.8%","24.4%","70.9%","1.3%",401,402,386,"64.8%",-73.888267,40.860043,434,427,422,427.666666666667
"10X440","78.6",10,"DeWitt Clinton High School","Bronx","X440",2109,"3.6%","31.6%","54.5%","8.6%",445,436,433,"31.8%",-73.88691,40.882178,434,427,422,427.666666666667
"10X442","87.2",10,"Celia Cruz Bronx High School of Music","Bronx","X430",430,"1.2%","25.3%","70.0%","1.4%",417,434,425,"75.6%",-73.898309,40.870293,434,427,422,427.666666666667
"10X445","47.6",10,"Bronx High School of Science","Bronx","X445",3015,"22.1%","2.6%","5.5%","62.8%",714,660,667,"97.0%",-73.89104,40.87759,434,427,422,427.666666666667
"10X477","92.9",10,"Marble Hill High School for International Studies","Bronx","X475",449,"5.1%","24.5%","61.0%","8.9%",451,417,423,"92.9%",-73.912256,40.877105,434,427,422,427.666666666667
"10X546","85.5",10,"Bronx Theatre High School","Bronx","X475",428,"1.6%","30.1%","67.1%","0.5%",382,384,390,"66.7%",-73.912256,40.877105,434,427,422,427.666666666667
"10X549","83.8",10,"Discovery High School","Bronx","X430",530,"2.3%","17.4%","77.2%","2.5%",432,396,395,"39.9%",-73.898309,40.870293,434,427,422,427.666666666667
"10X696","28.2",10,"High School of American Studies at Lehman College","Bronx","X905",376,"50.8%","4.0%","15.2%","23.1%",669,672,672,"91.8%",-73.895382,40.873938,434,427,422,427.666666666667
"11X249","75.1",11,"Bronx Health Sciences High School","Bronx","X455",374,"2.7%","51.9%","34.5%","7.5%",407,421,427,"87.1%",-73.833904,40.874091,403,408,398,403
"11X253","100.0",11,"Bronx High School for Writing and Communication Arts","Bronx","X425",389,"1.3%","45.0%","49.1%","3.3%",380,437,425,"38.1%",-73.86197,40.875953,403,408,398,403
"11X265","100.0",11,"Bronx Lab School","Bronx","X425",471,"1.5%","39.9%","54.4%","3.6%",407,416,401,"77.4%",-73.86197,40.875953,403,408,398,403
"11X270","72.8",11,"Academy for Scholarship and Entrepreneurship (College Board)","Bronx","X362",371,"1.1%","63.6%","30.5%","3.2%",392,408,400,"63.4%",-73.852694,40.887831,403,408,398,403
"11X275","100.0",11,"High School of Computers and Technology","Bronx","X425",567,"1.2%","34.4%","58.0%","4.9%",396,399,377,"65.6%",-73.86197,40.875953,403,408,398,403
"11X288","77.0",11,"Collegiate Institute for Math and Science","Bronx","X415",687,"9.5%","33.8%","43.5%","11.6%",488,461,458,"79.8%",-73.861006,40.859665,403,408,398,403
"11X290","100.0",11,"Bronx Academy of Health Careers","Bronx","X425",465,"1.9%","44.7%","47.3%","4.7%",386,380,391,"59.4%",-73.86197,40.875953,403,408,398,403
"11X299","86.6",11,"Astor Collegiate Academy","Bronx","X415",476,"10.5%","33.4%","47.9%","6.5%",422,417,409,"57.9%",-73.861006,40.859665,403,408,398,403
"11X418","73.7",11,"Bronx High School for the Visual Arts","Bronx","X839",483,"6.8%","27.3%","61.5%","3.7%",408,428,404,"32.5%",-73.865036,40.851405,403,408,398,403
"11X455","68.3",11,"Harry S. Truman High School","Bronx","X455",2058,"2.2%","51.6%","42.7%","2.4%",400,401,391,"41.5%",-73.833904,40.874091,403,408,398,403
"11X508","82.7",11,"Bronxdale High School","Bronx","X415",427,"9.4%","28.8%","57.1%","3.0%",418,432,436,"72.5%",-73.861006,40.859665,403,408,398,403
"11X509","98.0",11,"High School of Language and Innovation","Bronx","X415",354,"11.0%","11.9%","57.6%","16.7%",356,340,320,"72.7%",-73.861006,40.859665,403,408,398,403
"11X513","97.5",11,"New World High School","Bronx","X362",408,"7.6%","9.3%","66.2%","13.7%",407,363,358,"93.0%",-73.852694,40.887831,403,408,398,403
"11X514","78.7",11,"Bronxwood Preparatory Academy","Bronx","X362",423,"3.8%","61.9%","28.8%","3.3%",392,408,392,"43.3%",-73.852694,40.887831,403,408,398,403
"11X542","75.1",11,"Pelham Preparatory Academy","Bronx","X415",489,"6.5%","35.6%","48.9%","5.5%",420,433,425,"77.0%",-73.861006,40.859665,403,408,398,403
"11X544","100.0",11,"High School for Contemporary Arts","Bronx","X425",493,"1.0%","38.1%","59.2%","0.8%",367,381,361,"41.0%",-73.86197,40.875953,403,408,398,403
"11X545","100.0",11,"Bronx Aerospace High School","Bronx","X425",431,"2.1%","29.2%","64.5%","2.3%",403,410,393,"50.5%",-73.86197,40.875953,403,408,398,403
"12X242","87.4",12,"Mott Hall V","Bronx","X423",669,"1.7%","22.2%","70.6%","4.2%",430,422,414,"77.5%",-73.877785,40.831416,383,382,375,380
"12X248","92.3",12,"Metropolitan High School","Bronx","X099",326,"0.3%","21.5%","74.8%","0.9%",387,388,386,"65.9%",-73.897612,40.827315,383,382,375,380
"12X251","92.7",12,"Explorations Academy","Bronx","X098",358,"2.0%","27.1%","69.8%","0.8%",377,372,365,"43.0%",-73.890458,40.8359,383,382,375,380
"12X267","94.1",12,"Bronx Latin","Bronx","X158",546,"0.0%","21.2%","77.1%","1.7%",394,381,363,"81.0%",-73.900105,40.827743,383,382,375,380
"12X271","91.7",12,"East Bronx Academy for the Future","Bronx","X973",618,"0.5%","25.4%","71.0%","3.0%",418,406,408,"41.1%",-73.888361,40.836356,383,382,375,380
"12X372","100.0",12,"Urban Assembly School for Wildlife Conservation","Bronx","X067",571,"2.2%","25.3%","69.4%","2.2%",393,397,379,"71.1%",-73.884788,40.843945,383,382,375,380
"12X388","99.5",12,"Pan American International High School at Monroe","Bronx","X420",428,"0.0%","0.0%","100.0%","0.0%",317,315,292,"65.6%",-73.878912,40.831601,383,382,375,380
"12X478","84.6",12,"Cinema School","Bronx","X423",338,"4.1%","21.9%","69.8%","3.8%",430,449,448,"88.3%",-73.877785,40.831416,383,382,375,380
"12X479","87.1",12,"Bronx Career and College Preparatory High School","Bronx","X158",333,"0.6%","40.5%","56.8%","0.9%",370,379,381,"40.7%",-73.900105,40.827743,383,382,375,380
"12X511","86.5",12,"Bronx Envision Academy","Bronx","X098",355,"2.0%","34.4%","60.3%","2.0%",364,385,366,"76.5%",-73.890458,40.8359,383,382,375,380
"12X521","90.6",12,"Metropolitan Soundview High School","Bronx","X420",416,"1.7%","26.2%","67.3%","2.6%",444,428,422,"52.0%",-73.878912,40.831601,383,382,375,380
"12X550","98.3",12,"High School of World Cultures","Bronx","X420",410,"1.2%","8.3%","80.2%","8.0%",356,359,347,"38.2%",-73.878912,40.831601,383,382,375,380
"12X682","100.0",12,"Fannie Lou Hamer Freedom High School","Bronx","X878",470,"0.2%","28.5%","70.4%","0.4%",345,347,339,"75.0%",-73.88626,40.83087,383,382,375,380
"12X684","86.4",12,"Wings Academy","Bronx","X879",501,"1.2%","58.5%","37.9%","0.8%",379,372,373,"49.2%",-73.875366,40.841794,383,382,375,380
"12X692","92.6",12,"Monroe Academy for Visual Arts and Design","Bronx","X420",445,"0.9%","18.0%","78.4%","1.1%",361,354,351,"46.8%",-73.878912,40.831601,383,382,375,380
"13K265","81.0",13,"Dr. Susan S. McKinney Secondary School of the Arts","Brooklyn","K265",421,"0.7%","73.0%","22.8%","0.7%",332,346,350,"55.1%",-73.97578,40.696324,437,426,415,426
"13K350","78.3",13,"Urban Assembly High School of Music and Art","Brooklyn","K805",387,"0.5%","77.5%","20.7%","0.5%",372,372,361,"55.1%",-73.985016,40.697339,437,426,415,426
"13K412","81.4",13,"Brooklyn Community High School of Communication, Arts, and Media","Brooklyn","K117",404,"0.7%","78.5%","17.8%","1.2%",358,386,380,"51.7%",-73.958794,40.692642,437,426,415,426
"13K419","83.3",13,"Science Skills Center High School for Science, Technology, and the Creative Arts","Brooklyn","K805",528,"2.1%","70.5%","18.4%","6.8%",399,397,386,"65.9%",-73.985016,40.697339,437,426,415,426
"13K430","65.9",13,"Brooklyn Technical High School","Brooklyn","K430",5447,"20.5%","7.7%","7.6%","60.5%",682,608,606,"95.5%",-73.976905,40.688834,437,426,415,426
"13K439","100.0",13,"Brooklyn International High School","Brooklyn","K805",345,"13.9%","17.7%","26.7%","41.7%",432,334,333,"92.7%",-73.985016,40.697339,437,426,415,426
"13K483","79.2",13,"Urban Assembly School for Law and Justice","Brooklyn","K313",448,"0.9%","71.4%","21.9%","2.0%",446,443,430,"87.6%",-73.988853,40.694682,437,426,415,426
"13K499","85.7",13,"ACORN Community High School","Brooklyn","K909",504,"1.6%","83.5%","12.9%","1.0%",379,395,385,"61.3%",-73.962105,40.678488,437,426,415,426
"13K527","84.3",13,"Urban Assembly Institute of Math and Science for Young Women","Brooklyn","K313",470,"4.9%","73.6%","14.8%","3.5%",397,415,407,"82.4%",-73.988853,40.694682,437,426,415,426
"13K595","62.1",13,"Bedford Academy High School","Brooklyn","K994",364,"0.8%","84.6%","7.7%","3.0%",505,464,456,"96.2%",-73.954302,40.68538,437,426,415,426
"13K605","83.3",13,"George Westinghouse Career and Technical Education High School","Brooklyn","K580",634,"2.1%","74.4%","19.7%","2.5%",394,422,400,"45.3%",-73.986015,40.694926,437,426,415,426
"13K670","51.7",13,"Benjamin Banneker Academy","Brooklyn","K914",916,"0.5%","86.4%","8.6%","3.4%",479,484,472,"85.5%",-73.969243,40.695332,437,426,415,426
"13K674","73.6",13,"City Polytechnic High School of Engineering, Architecture, and Technology","Brooklyn","K580",458,"3.5%","69.7%","19.7%","6.6%",503,477,427,"18.5%",-73.986015,40.694926,437,426,415,426
"14K071","100.0",14,"Juan Morel Campos Secondary School","Brooklyn","K071",692,"2.5%","13.6%","82.7%","0.3%",366,356,353,"56.3%",-73.953146,40.703624,411,413,403,409
"14K449","69.1",14,"Brooklyn Latin School","Brooklyn","K049",676,"13.5%","19.4%","14.5%","36.1%",625,588,591,"97.5%",-73.943641,40.709941,411,413,403,409
"14K454","83.0",14,"Green School: An Academy for Environmental Careers","Brooklyn","K049",276,"1.4%","38.0%","59.1%","0.7%",384,398,399,"41.1%",-73.943641,40.709941,411,413,403,409
"14K474","81.5",14,"PROGRESS High School for Professional Careers","Brooklyn","K450",1098,"0.8%","35.1%","62.6%","1.0%",380,377,384,"44.9%",-73.939722,40.712184,411,413,403,409
"14K477","87.8",14,"School for Legal Studies","Brooklyn","K450",598,"1.3%","45.8%","50.0%","1.0%",393,390,394,"34.8%",-73.939722,40.712184,411,413,403,409
"14K478","83.2",14,"High School for Enterprise, Business, and Technology","Brooklyn","K450",1001,"2.5%","36.1%","56.9%","4.0%",463,446,425,"54.5%",-73.939722,40.712184,411,413,403,409
"14K488","79.6",14,"Brooklyn Preparatory High School","Brooklyn","K650",494,"2.0%","54.7%","40.3%","2.4%",391,406,391,"74.5%",-73.954754,40.715073,411,413,403,409
"14K558","78.5",14,"Williamsburg High School for Architecture and Design","Brooklyn","K650",595,"4.2%","31.6%","60.0%","2.4%",415,424,407,"60.1%",-73.954754,40.715073,411,413,403,409
"14K561","81.1",14,"Williamsburg Preparatory School","Brooklyn","K650",682,"10.0%","16.4%","69.6%","2.6%",443,440,430,"87.8%",-73.954754,40.715073,411,413,403,409
"14K586","87.9",14,"Lyons Community School","Brooklyn","K049",520,"2.4%","39.8%","55.8%","1.8%",374,376,357,"56.3%",-73.943641,40.709941,411,413,403,409
"14K610","74.2",14,"Automotive High School","Brooklyn","K610",383,"2.9%","55.9%","38.1%","1.6%",367,381,328,"31.6%",-73.953281,40.721981,411,413,403,409
"14K632","89.4",14,"Frances Perkins Academy","Brooklyn","K610",142,"2.1%","62.7%","32.4%","0.7%",399,413,400,"46.3%",-73.953281,40.721981,411,413,403,409
"14K685","82.9",14,"El Puente Academy for Peace and Justice","Brooklyn","K778",245,"1.2%","11.8%","85.3%","0.0%",344,380,379,"62.5%",-73.955611,40.705898,411,413,403,409
"15K429","86.0",15,"Brooklyn School for Global Studies","Brooklyn","K293",250,"6.6%","54.8%","35.5%","2.4%",393,381,402,"61.8%",-73.993351,40.685419,432,429,425,428.666666666667
"15K448","74.7",15,"Brooklyn Secondary School for Collaborative Studies","Brooklyn","K142",685,"9.3%","38.5%","45.3%","5.8%",401,411,404,"84.1%",-74.001377,40.68007,432,429,425,428.666666666667
"15K462","81.5",15,"Secondary School for Law","Brooklyn","K460",351,"3.4%","66.4%","25.9%","2.0%",420,424,414,"74.7%",-73.979287,40.669629,432,429,425,428.666666666667
"15K463","80.4",15,"Secondary School for Journalism","Brooklyn","K460",285,"6.3%","46.7%","37.5%","7.4%",408,435,415,"58.8%",-73.979287,40.669629,432,429,425,428.666666666667
"15K464","78.5",15,"Park Slope Collegiate","Brooklyn","K460",423,"3.6%","46.4%","36.5%","7.9%",405,377,395,"59.6%",-73.979287,40.669629,432,429,425,428.666666666667
"15K497","74.0",15,"School for International Studies","Brooklyn","K293",466,"9.9%","47.9%","36.3%","4.2%",417,406,394,"65.1%",-73.993351,40.685419,432,429,425,428.666666666667
"15K519","88.6",15,"Cobble Hill School of American Studies","Brooklyn","K804",596,"4.4%","63.8%","25.0%","4.5%",416,420,402,"55.3%",-73.990993,40.684524,432,429,425,428.666666666667
"15K656","73.3",15,"Brooklyn High School of the Arts","Brooklyn","K655",870,"2.0%","70.3%","22.5%","1.7%",439,441,436,"80.6%",-73.98027,40.683559,432,429,425,428.666666666667
"15K667","79.7",15,"Sunset Park High School","Brooklyn","K564",1333,"6.8%","8.5%","77.3%","7.3%",398,380,381,"61.6%",-74.005197,40.65571,432,429,425,428.666666666667
"15K684","42.2",15,"Millennium Brooklyn High School","Brooklyn","K460",566,"31.1%","26.0%","27.2%","9.5%",553,551,539,"79.6%",-73.979287,40.669629,432,429,425,428.666666666667
"16K455","73.9",16,"Boys and Girls High School","Brooklyn","K455",648,"1.7%","87.2%","8.6%","0.9%",399,392,394,"35.6%",-73.932407,40.67944,392,393,388,391
"16K498","84.2",16,"Brooklyn High School for Law and Technology","Brooklyn","K987",596,"1.2%","71.1%","23.8%","2.5%",395,401,383,"62.7%",-73.920906,40.688831,392,393,388,391
"16K594","100.0",16,"Gotham Professional Arts Academy","Brooklyn","K040",226,"1.3%","81.9%","14.6%","0.9%",377,396,386,"50.7%",-73.922264,40.680463,392,393,388,391
"16K688","100.0",16,"Brooklyn Academy of Global Finance","Brooklyn","K057",152,"2.0%","71.7%","20.4%","5.9%",395,382,391,"45.9%",-73.933697,40.691274,392,393,388,391
"17K122","68.9",17,"Pathways in Technology Early College High School","Brooklyn","K625",438,"0.7%","85.6%","9.1%","3.0%",446,442,410,"69.4%",-73.938843,40.675612,410,409,399,406
"17K382","81.8",17,"Academy for College Preparation and Career Exploration (College Board)","Brooklyn","K465",505,"0.8%","84.6%","12.3%","1.7%",386,397,393,"57.3%",-73.95855,40.649787,410,409,399,406
"17K408","93.7",17,"Academy of Hospitality and Tourism","Brooklyn","K465",285,"1.1%","84.6%","10.2%","3.5%",374,385,375,"62.0%",-73.95855,40.649787,410,409,399,406
"17K524","100.0",17,"International High School at Prospect Heights","Brooklyn","K440",414,"13.3%","29.0%","38.9%","18.4%",344,302,300,"81.7%",-73.961695,40.670349,410,409,399,406
"17K528","86.6",17,"High School for Global Citizenship","Brooklyn","K440",246,"2.8%","82.1%","13.0%","1.6%",377,386,375,"61.9%",-73.961695,40.670349,410,409,399,406
"17K531","86.3",17,"School for Human Rights","Brooklyn","K470",424,"1.0%","90.7%","6.5%","1.4%",398,411,400,"60.8%",-73.942458,40.658893,410,409,399,406
"17K533","82.4",17,"School for Democracy and Leadership","Brooklyn","K470",319,"2.3%","87.6%","7.4%","0.8%",386,385,390,"53.5%",-73.942458,40.658893,410,409,399,406
"17K537","84.6",17,"High School for Youth and Community Development at Erasmus","Brooklyn","K465",384,"2.1%","85.4%","8.9%","2.3%",360,382,359,"63.2%",-73.95855,40.649787,410,409,399,406
"17K539","75.5",17,"High School for Service and Learning at Erasmus","Brooklyn","K465",445,"2.0%","82.5%","10.6%","2.7%",377,382,356,"45.5%",-73.95855,40.649787,410,409,399,406
"17K543","79.8",17,"Science, Technology, and Research Early College High School at Erasmus","Brooklyn","K465",516,"0.9%","87.1%","6.4%","4.0%",496,491,484,"91.5%",-73.95855,40.649787,410,409,399,406
"17K546","84.1",17,"High School for Public Service: Heroes of Tomorrow","Brooklyn","K470",454,"1.1%","75.8%","17.4%","5.3%",468,454,464,"95.4%",-73.942458,40.658893,410,409,399,406
"17K547","83.2",17,"Brooklyn Academy of Science and the Environment","Brooklyn","K440",453,"1.3%","80.1%","12.6%","5.3%",419,411,416,"58.5%",-73.961695,40.670349,410,409,399,406
"17K548","85.2",17,"Brooklyn School for Music and Theatre","Brooklyn","K440",386,"0.8%","82.6%","15.8%","0.8%",382,393,377,"72.2%",-73.961695,40.670349,410,409,399,406
"17K590","72.8",17,"Medgar Evers College Preparatory School","Brooklyn","K590",1271,"0.6%","90.9%","3.3%","2.9%",525,500,481,"89.0%",-73.951167,40.667195,410,409,399,406
"17K600","78.2",17,"Clara Barton High School","Brooklyn","K600",1499,"0.9%","89.5%","5.7%","1.8%",408,424,407,"55.0%",-73.961962,40.669567,410,409,399,406
"17K751","89.3",17,"Academy for Health Careers","Brooklyn","K625",373,"0.8%","85.5%","8.8%","1.6%",406,405,396,"48.1%",-73.938843,40.675612,410,409,399,406
"18K563","76.7",18,"It Takes a Village Academy","Brooklyn","K415",566,"1.1%","90.3%","5.7%","0.5%",364,374,361,"62.2%",-73.922171,40.648657,381,398,390,389.666666666667
"18K566","78.3",18,"Brooklyn Generation School","Brooklyn","K515",286,"1.4%","85.0%","8.7%","1.7%",392,406,403,"50.0%",-73.916735,40.633285,381,398,390,389.666666666667
"18K567","86.1",18,"Brooklyn Theatre Arts High School","Brooklyn","K515",395,"1.8%","82.0%","13.2%","0.5%",379,393,373,"69.1%",-73.916735,40.633285,381,398,390,389.666666666667
"18K569","75.1",18,"Kurt Hahn Expeditionary Learning School","Brooklyn","K415",341,"0.3%","91.2%","6.7%","1.2%",378,394,388,"72.6%",-73.922171,40.648657,381,398,390,389.666666666667
"18K576","70.4",18,"Victory Collegiate High School","Brooklyn","K515",331,"1.2%","88.8%","6.3%","0.9%",386,408,402,"72.7%",-73.916735,40.633285,381,398,390,389.666666666667
"18K589","83.2",18,"Arts and Media Preparatory Academy","Brooklyn","K232",279,"1.4%","82.8%","12.5%","1.1%",370,383,374,"64.2%",-73.929076,40.65843,381,398,390,389.666666666667
"18K617","76.6",18,"High School for Innovation in Advertising and Media","Brooklyn","K500",303,"2.6%","85.8%","9.6%","1.3%",390,410,397,"59.1%",-73.898254,40.641474,381,398,390,389.666666666667
"18K629","75.1",18,"Cultural Academy for the Arts and Sciences","Brooklyn","K415",353,"0.6%","90.4%","8.5%","0.6%",382,395,384,"57.3%",-73.922171,40.648657,381,398,390,389.666666666667
"18K633","92.6",18,"High School for Medical Professions","Brooklyn","K500",432,"0.2%","81.9%","13.2%","2.8%",404,427,424,"60.2%",-73.898254,40.641474,381,398,390,389.666666666667
"18K637","78.9",18,"Academy for Conservation and the Environment","Brooklyn","K515",308,"1.3%","86.0%","9.7%","1.6%",381,397,390,"50.8%",-73.916735,40.633285,381,398,390,389.666666666667
"18K642","74.8",18,"Urban Action Academy","Brooklyn","K500",309,"4.2%","79.0%","12.3%","2.9%",362,396,393,"44.9%",-73.898254,40.641474,381,398,390,389.666666666667
"19K404","77.0",19,"Academy for Young Writers","Brooklyn","K422",547,"1.2%","73.1%","21.9%","1.5%",382,413,391,"81.2%",-73.874756,40.657459,378,380,370,376
"19K409","76.2",19,"East New York Family Academy","Brooklyn","K819",479,"0.4%","67.6%","29.5%","2.2%",464,451,421,"66.7%",-73.886942,40.661072,378,380,370,376
"19K502","85.2",19,"FDNY High School for Fire and Life Safety","Brooklyn","K435",324,"1.9%","71.6%","24.4%","1.2%",365,369,357,"47.7%",-73.894747,40.667456,378,380,370,376
"19K504","76.8",19,"High School for Civil Rights","Brooklyn","K435",319,"1.9%","74.0%","22.9%","0.3%",391,373,376,"26.4%",-73.894747,40.667456,378,380,370,376
"19K507","92.4",19,"Performing Arts and Technology High School","Brooklyn","K435",406,"0.5%","80.8%","18.2%","0.2%",375,393,394,"39.8%",-73.894747,40.667456,378,380,370,376
"19K510","83.1",19,"World Academy for Total Community Health High School","Brooklyn","K435",284,"1.4%","75.7%","19.0%","2.5%",380,389,384,"40.9%",-73.894747,40.667456,378,380,370,376
"19K583","98.7",19,"Multicultural High School","Brooklyn","K420",229,"0.4%","0.0%","99.6%","0.0%",319,323,284,"28.6%",-73.868328,40.691146,378,380,370,376
"19K615","76.0",19,"Transit Tech Career and Technical Education High School","Brooklyn","K615",1093,"1.3%","63.6%","27.2%","6.1%",387,387,384,"37.2%",-73.87596,40.678276,378,380,370,376
"19K618","80.4",19,"Academy of Innovative Technology","Brooklyn","K420",413,"1.2%","45.5%","45.5%","5.3%",395,376,359,"57.4%",-73.868328,40.691146,378,380,370,376
"19K639","86.8",19,"Brooklyn Lab School","Brooklyn","K420",334,"0.9%","35.6%","56.9%","5.4%",383,376,370,"46.8%",-73.868328,40.691146,378,380,370,376
"19K659","89.4",19,"Cypress Hills Collegiate Preparatory School","Brooklyn","K420",330,"3.3%","19.7%","71.2%","4.5%",365,370,362,"53.8%",-73.868328,40.691146,378,380,370,376
"19K660","87.4",19,"W. H. Maxwell Career and Technical Education High School","Brooklyn","K660",506,"0.6%","69.6%","28.1%","1.0%",326,333,350,"38.5%",-73.89643,40.674135,378,380,370,376
"19K683","89.6",19,"School for Classics: An Academy of Thinkers, Writers, and Performers","Brooklyn","K218",308,"4.2%","60.7%","26.0%","7.8%",387,391,383,"52.8%",-73.874208,40.670724,378,380,370,376
"20K445","76.8",20,"New Utrecht High School","Brooklyn","K445",3480,"27.6%","4.0%","29.0%","38.6%",488,422,417,"63.2%",-74.003404,40.613262,482,428,427,445.666666666667
"20K485","79.2",20,"High School of Telecommunication Arts and Technology","Brooklyn","K485",1329,"16.3%","7.7%","56.7%","18.0%",475,440,445,"81.6%",-74.023849,40.637282,482,428,427,445.666666666667
"20K490","70.2",20,"Fort Hamilton High School","Brooklyn","K490",4372,"34.1%","4.5%","29.2%","30.1%",513,456,451,"68.7%",-74.040046,40.627835,482,428,427,445.666666666667
"20K505","80.7",20,"Franklin Delano Roosevelt High School","Brooklyn","K505",3220,"18.6%","11.5%","29.3%","40.1%",504,411,407,"54.0%",-73.981795,40.620446,482,428,427,445.666666666667
"20K609","92.7",20,"Urban Assembly School for Criminal Justice","Brooklyn","K223",496,"15.0%","17.5%","20.4%","46.5%",428,413,417,"83.6%",-73.981528,40.634875,482,428,427,445.666666666667
"21K337","91.3",21,"International High School at Lafayette","Brooklyn","K400",358,"25.7%","8.7%","24.0%","41.1%",424,343,337,"84.3%",-73.98577,40.594291,438,415,405,419.333333333333
"21K344","100.0",21,"Rachel Carson High School for Coastal Studies","Brooklyn","K303",560,"43.6%","22.5%","22.3%","10.2%",436,430,421,"68.4%",-73.973132,40.582533,438,415,405,419.333333333333
"21K348","75.2",21,"High School of Sports Management","Brooklyn","K400",290,"5.5%","72.4%","16.9%","3.8%",367,374,361,"56.2%",-73.98577,40.594291,438,415,405,419.333333333333
"21K410","69.0",21,"Abraham Lincoln High School","Brooklyn","K410",2341,"20.1%","39.8%","23.7%","15.1%",441,422,422,"54.9%",-73.967308,40.581681,438,415,405,419.333333333333
"21K468","75.4",21,"Kingsborough Early College School","Brooklyn","K400",564,"42.5%","25.7%","24.3%","6.6%",474,462,449,"65.8%",-73.98577,40.594291,438,415,405,419.333333333333
"21K525","63.3",21,"Edward R. Murrow High School","Brooklyn","K525",3968,"26.7%","22.6%","21.7%","26.6%",500,479,472,"75.2%",-73.959285,40.620525,438,415,405,419.333333333333
"21K540","83.6",21,"John Dewey High School","Brooklyn","K540",2006,"13.7%","28.6%","20.7%","35.8%",512,418,396,"62.7%",-73.981738,40.589268,438,415,405,419.333333333333
"21K559","89.7",21,"Life Academy High School for Film and Music","Brooklyn","K400",271,"13.7%","51.7%","26.6%","7.4%",369,379,378,"70.2%",-73.98577,40.594291,438,415,405,419.333333333333
"21K572","77.1",21,"Expeditionary Learning School for Community Leaders","Brooklyn","K400",271,"23.2%","17.3%","42.1%","15.5%",420,396,396,"75.0%",-73.98577,40.594291,438,415,405,419.333333333333
"21K620","89.4",21,"William E. Grady Career and Technical Education High School","Brooklyn","K620",613,"6.4%","68.7%","18.1%","5.4%",416,423,387,"31.4%",-73.963477,40.582585,438,415,405,419.333333333333
"21K690","76.1",21,"Brooklyn Studio Secondary School","Brooklyn","K721",901,"53.3%","5.1%","25.0%","16.2%",458,434,434,"67.8%",-73.994404,40.604879,438,415,405,419.333333333333
"22K405","54.6",22,"Midwood High School","Brooklyn","K405",3787,"23.3%","29.8%","12.5%","33.7%",550,514,516,"85.7%",-73.952929,40.633237,535,499,501,511.666666666667
"22K425","63.1",22,"James Madison High School","Brooklyn","K425",3088,"44.3%","17.4%","16.7%","21.2%",492,450,444,"69.0%",-73.948512,40.609912,535,499,501,511.666666666667
"22K535","46.8",22,"Leon M. Goldstein High School for the Sciences","Brooklyn","K535",1081,"59.1%","10.2%","10.6%","18.7%",563,534,543,"94.0%",-73.935952,40.580894,535,499,501,511.666666666667
"22K555","73.4",15,"Brooklyn College Academy","Brooklyn","K917",605,"4.6%","72.2%","9.1%","7.9%",502,495,493,"98.1%",-73.971736,40.649404,432,429,425,428.666666666667
"23K493","85.0",23,"Brooklyn Collegiate (College Board)","Brooklyn","K055",353,"0.3%","87.5%","9.6%","1.4%",394,395,399,"64.4%",-73.913273,40.674103,396,400,402,399.333333333333
"23K514","82.8",23,"Frederick Douglass Academy VII High School","Brooklyn","K175",319,"0.3%","88.1%","11.3%","0.0%",400,407,394,"65.4%",-73.911705,40.665878,396,400,402,399.333333333333
"23K697","80.5",23,"Teachers Preparatory High School","Brooklyn","K175",390,"0.6%","83.0%","15.7%","0.3%",394,399,412,"56.6%",-73.911705,40.665878,396,400,402,399.333333333333
"24Q264","82.2",24,"Academy of Finance and Enterprise","Queens","Q735",478,"15.3%","7.1%","51.9%","22.0%",489,456,459,"92.7%",-73.936635,40.745095,454,431,428,437.666666666667
"24Q267","78.6",24,"High School of Applied Communication","Queens","Q735",421,"13.5%","12.6%","54.4%","15.9%",435,437,441,"70.9%",-73.936635,40.745095,454,431,428,437.666666666667
"24Q293","74.9",24,"Civic Leadership Academy","Queens","Q744",479,"5.6%","7.9%","71.8%","9.8%",435,424,418,"68.9%",-73.870642,40.74373,454,431,428,437.666666666667
"24Q296","90.5",24,"Pan American International High School","Queens","Q744",378,"0.0%","0.0%","99.7%","0.3%",340,320,318,"31.9%",-73.870642,40.74373,454,431,428,437.666666666667
"24Q299","44.6",24,"Bard High School Early College Queens","Queens","Q735",623,"34.5%","11.4%","17.0%","34.2%",631,598,610,"94.1%",-73.936635,40.745095,454,431,428,437.666666666667
"24Q455","73.0",24,"Newtown High School","Queens","Q455",1921,"4.3%","8.3%","61.4%","24.0%",434,401,389,"39.1%",-73.874721,40.741122,454,431,428,437.666666666667
"24Q485","71.5",24,"Grover Cleveland High School","Queens","Q485",1828,"18.9%","4.5%","65.7%","9.7%",452,422,416,"38.9%",-73.908814,40.711033,454,431,428,437.666666666667
"24Q520","100.0",24,"Middle College High School at LaGuardia Community College","Queens","Q520",514,"7.0%","4.7%","79.6%","8.4%",377,389,377,"48.7%",-73.93364,40.744412,454,431,428,437.666666666667
"24Q530","100.0",24,"International High School at LaGuardia Community College","Queens","Q520",509,"13.0%","2.6%","45.0%","39.3%",425,367,365,"71.7%",-73.93364,40.744412,454,431,428,437.666666666667
"24Q550","100.0",24,"High School for Arts and Business","Queens","Q456",870,"4.1%","7.8%","77.2%","10.2%",413,405,393,"76.7%",-73.853178,40.737427,454,431,428,437.666666666667
"24Q560","81.0",24,"Robert F. Wagner Jr. Secondary School for Arts and Technology","Queens","Q891",610,"10.9%","4.9%","64.3%","19.2%",478,445,445,"71.1%",-73.936782,40.742839,454,431,428,437.666666666667
"24Q585","69.5",24,"Maspeth High School","Queens","Q585",973,"35.8%","2.0%","44.6%","17.5%",476,471,480,"90.0%",-73.887482,40.729939,454,431,428,437.666666666667
"24Q600","83.9",24,"Queens Vocational and Technical High School","Queens","Q600",1553,"7.3%","5.8%","74.6%","12.1%",467,436,432,"53.4%",-73.928219,40.742205,454,431,428,437.666666666667
"24Q610","100.0",24,"Aviation Career and Technical Education High School","Queens","Q610",2168,"11.0%","6.3%","49.0%","30.9%",511,464,456,"78.6%",-73.929076,40.743509,454,431,428,437.666666666667
"25Q252","60.1",25,"Queens School of Inquiry","Queens","Q168",557,"19.2%","19.5%","21.8%","36.2%",516,493,486,"88.2%",-73.810216,40.724458,507,457,458,474
"25Q263","94.5",25,"Flushing International High School","Queens","Q189",437,"2.5%","2.5%","38.4%","55.6%",481,323,323,"67.7%",-73.820548,40.759844,507,457,458,474
"25Q281","84.8",25,"East-West School of International Studies","Queens","Q237",666,"5.3%","14.9%","18.3%","60.7%",521,457,451,"89.4%",-73.822073,40.749545,507,457,458,474
"25Q285","50.0",25,"World Journalism Preparatory (College Board)","Queens","Q025",610,"50.3%","9.1%","22.7%","15.8%",484,491,487,"89.2%",-73.790083,40.765133,507,457,458,474
"25Q425","75.2",25,"John Bowne High School","Queens","Q425",3667,"4.5%","18.4%","46.0%","29.4%",467,422,425,"62.1%",-73.824944,40.738139,507,457,458,474
"25Q460","74.5",25,"Flushing High School","Queens","Q460",2186,"3.7%","23.7%","51.1%","20.3%",444,407,405,"46.1%",-73.82789,40.765166,507,457,458,474
"25Q525","53.5",25,"Townsend Harris High School","Queens","Q515",1132,"21.9%","6.3%","11.6%","58.6%",680,640,661,"97.1%",-73.821392,40.73439,507,457,458,474
"25Q670","80.6",25,"Robert F. Kennedy Community High School","Queens","Q707",701,"18.3%","13.0%","35.5%","31.2%",460,426,423,"67.3%",-73.810697,40.725603,507,457,458,474
"26Q415","56.5",26,"Benjamin N. Cardozo High School","Queens","Q415",3505,"14.9%","20.3%","19.4%","44.1%",563,505,510,"75.6%",-73.75599,40.752333,500,459,462,473.666666666667
"26Q430","74.4",26,"Francis Lewis High School","Queens","Q430",4172,"14.9%","7.4%","23.1%","53.9%",562,483,485,"80.7%",-73.79283,40.740724,500,459,462,473.666666666667
"26Q435","71.6",26,"Martin Van Buren High School","Queens","Q435",1742,"3.6%","52.7%","13.0%","27.0%",397,396,391,"40.0%",-73.738756,40.733066,500,459,462,473.666666666667
"26Q495","74.4",26,"Bayside High School","Queens","Q405",3336,"18.1%","13.0%","27.9%","40.3%",523,479,485,"76.7%",-73.780296,40.771755,500,459,462,473.666666666667
"26Q566","63.7",26,"Queens High School of Teaching, Liberal Arts, and the Sciences","Queens","Q566",1120,"8.4%","48.1%","17.5%","24.8%",453,434,439,"72.4%",-73.727535,40.746088,500,459,462,473.666666666667
"27Q260","77.5",27,"Frederick Douglass Academy VI High School","Queens","Q465",409,"0.7%","59.7%","37.9%","1.5%",410,418,407,"30.1%",-73.762795,40.60201,423,420,414,419
"27Q262","100.0",27,"Channel View School for Research","Queens","Q410",683,"10.7%","53.2%","29.1%","6.0%",427,430,423,"76.6%",-73.822624,40.586066,423,420,414,419
"27Q302","77.4",27,"Queens High School for Information, Research, and Technology","Queens","Q465",381,"2.1%","49.1%","43.6%","4.2%",372,362,352,"44.6%",-73.762795,40.60201,423,420,414,419
"27Q308","79.2",27,"Robert H. Goddard High School of Communication Arts and Technology","Queens","Q202",602,"17.6%","7.3%","41.7%","29.4%",426,435,424,"85.1%",-73.845141,40.67124,423,420,414,419
"27Q309","77.1",27,"Academy of Medical Technology (College Board)","Queens","Q465",637,"2.7%","50.1%","37.7%","6.6%",422,424,415,"67.6%",-73.762795,40.60201,423,420,414,419
"27Q323","49.7",27,"Scholars' Academy","Queens","Q180",1302,"34.7%","22.7%","19.6%","21.4%",588,560,568,"99.2%",-73.825711,40.584109,423,420,414,419
"27Q324","100.0",27,"Rockaway Park High School for Environmental Sustainability","Queens","Q410",368,"14.7%","46.7%","30.2%","3.5%",357,381,376,"38.5%",-73.822624,40.586066,423,420,414,419
"27Q351","100.0",27,"Rockaway Collegiate High School","Queens","Q410",397,"3.8%","52.6%","33.5%","5.0%",399,403,405,"46.5%",-73.822624,40.586066,423,420,414,419
"27Q400","76.0",27,"August Martin High School","Queens","Q400",679,"1.5%","75.4%","13.0%","7.5%",366,372,364,"26.3%",-73.783342,40.675633,423,420,414,419
"27Q475","85.4",27,"Richmond Hill High School","Queens","Q475",2175,"5.4%","13.6%","48.2%","31.4%",413,406,399,"37.9%",-73.833681,40.695888,423,420,414,419
"27Q475","85.4",27,"Richmond Hill High School","Queens","Q475",2175,"5.4%","13.6%","48.2%","31.4%",413,406,399,"37.9%",-73.833681,40.695888,423,420,414,419
"27Q480","89.0",27,"John Adams High School","Queens","Q480",2634,"2.9%","23.9%","37.9%","31.0%",418,401,395,"38.4%",-73.837298,40.679639,423,420,414,419
"27Q650","70.4",27,"High School for Construction Trades, Engineering, and Architecture","Queens","Q650",959,"12.3%","10.7%","35.6%","35.5%",489,457,451,"78.9%",-73.840717,40.689591,423,420,414,419
"28Q284","77.9",28,"York Early College Academy","Queens","Q008",611,"1.2%","58.0%","10.3%","28.7%",496,481,473,"92.9%",-73.787192,40.69719,478,459,458,465
"28Q310","81.8",28,"Queens Collegiate (College Board)","Queens","Q470",661,"4.1%","53.4%","16.1%","24.8%",455,439,441,"74.8%",-73.797237,40.713218,478,459,458,465
"28Q325","75.9",28,"Hillside Arts and Letters Academy","Queens","Q470",464,"3.0%","37.7%","24.4%","27.8%",409,399,404,"62.6%",-73.797237,40.713218,478,459,458,465
"28Q328","88.8",28,"High School for Community Leadership","Queens","Q470",418,"4.5%","42.3%","26.6%","22.7%",415,392,386,"72.3%",-73.797237,40.713218,478,459,458,465
"28Q350","77.1",28,"Jamaica Gateway to the Sciences","Queens","Q470",516,"2.3%","42.6%","10.9%","40.7%",487,460,463,"78.6%",-73.797237,40.713218,478,459,458,465
"28Q505","82.3",28,"Hillcrest High School","Queens","Q505",3286,"3.8%","30.3%","28.8%","34.5%",448,432,426,"51.8%",-73.80166,40.709446,478,459,458,465
"28Q620","78.4",28,"Thomas A. Edison Career and Technical Education High School","Queens","Q620",2098,"4.2%","20.9%","22.4%","49.0%",514,473,470,"80.0%",-73.800369,40.715389,478,459,458,465
"28Q680","71.4",28,"Queens Gateway to Health Sciences Secondary School","Queens","Q695",779,"2.9%","38.2%","14.2%","43.3%",524,511,514,"92.5%",-73.806499,40.718831,478,459,458,465
"28Q686","59.2",28,"Queens Metropolitan High School","Queens","Q686",1035,"35.7%","4.2%","46.9%","11.0%",460,448,449,"76.4%",-73.856698,40.711367,478,459,458,465
"28Q687","64.6",28,"Queens High School for the Sciences at York College","Queens","Q774",426,"6.1%","7.0%","10.6%","75.4%",701,621,625,"97.9%",-73.798151,40.701049,478,459,458,465
"28Q690","72.5",28,"High School for Law Enforcement and Public Safety","Queens","Q690",604,"1.8%","66.4%","18.9%","10.4%",410,431,409,"56.6%",-73.784144,40.686208,478,459,458,465
"28Q896","100.0",28,"Young Women's Leadership School in Queens","Queens","Q680",557,"1.9%","47.5%","19.7%","26.9%",415,420,433,"90.4%",-73.806412,40.707527,478,459,458,465
"29Q248","72.0",29,"Queens Preparatory Academy","Queens","Q420",492,"1.0%","80.7%","9.1%","4.3%",423,422,403,"83.7%",-73.756839,40.668235,404,418,403,408.333333333333
"29Q259","78.1",29,"Pathways College Preparatory School (College Board)","Queens","Q192",599,"1.3%","89.7%","5.7%","2.8%",405,427,409,"72.4%",-73.753579,40.70646,404,418,403,408.333333333333
"29Q265","82.5",29,"Excelsior Preparatory High School","Queens","Q420",491,"1.2%","82.7%","9.2%","3.7%",384,407,400,"70.1%",-73.756839,40.668235,404,418,403,408.333333333333
"29Q272","73.7",29,"George Washington Carver High School for the Sciences","Queens","Q420",509,"1.8%","75.6%","11.4%","9.4%",439,428,419,"63.5%",-73.756839,40.668235,404,418,403,408.333333333333
"29Q283","73.9",29,"Preparatory Academy for Writers (College Board)","Queens","Q420",552,"2.4%","81.0%","8.4%","4.2%",398,410,393,"69.5%",-73.756839,40.668235,404,418,403,408.333333333333
"29Q326","72.8",29,"Cambria Heights Academy","Queens","Q799",372,"2.2%","79.0%","9.1%","6.7%",418,424,411,"58.5%",-73.771195,40.711849,404,418,403,408.333333333333
"29Q492","81.3",29,"Mathematics, Science Research, and Technology Magnet High School","Queens","Q490",433,"1.6%","72.3%","11.8%","9.9%",380,418,388,"54.9%",-73.745728,40.697819,404,418,403,408.333333333333
"29Q498","78.7",29,"Humanities and Arts Magnet High School","Queens","Q490",525,"1.1%","81.0%","11.8%","5.5%",384,409,401,"60.2%",-73.745728,40.697819,404,418,403,408.333333333333
"30Q286","80.4",30,"Young Women's Leadership School in Astoria","Queens","Q739",572,"19.6%","4.7%","38.0%","37.7%",483,464,477,"100.0%",-73.924591,40.771215,491,468,467,475.333333333333
"30Q301","68.0",30,"Academy for Careers in Television and Film","Queens","Q404",515,"20.8%","15.9%","54.2%","5.8%",444,458,444,"95.0%",-73.959196,40.742956,491,468,467,475.333333333333
"30Q445","76.5",30,"William Cullen Bryant High School","Queens","Q445",2496,"16.1%","5.6%","48.7%","28.4%",466,424,426,"56.9%",-73.910514,40.75823,491,468,467,475.333333333333
"30Q450","84.4",30,"Long Island City High School","Queens","Q452",2123,"9.0%","13.5%","60.2%","15.7%",430,423,412,"51.6%",-73.9328,40.765826,491,468,467,475.333333333333
"30Q501","39.1",30,"Frank Sinatra School of the Arts High School","Queens","Q570",808,"38.7%","13.6%","33.4%","10.5%",536,543,543,"89.5%",-73.925121,40.756534,491,468,467,475.333333333333
"30Q502","80.2",30,"Information Technology High School","Queens","Q725",970,"9.4%","14.9%","56.3%","18.2%",443,420,411,"58.8%",-73.94638,40.748701,491,468,467,475.333333333333
"30Q555","90.8",30,"Newcomers High School","Queens","Q450",993,"6.2%","2.4%","54.6%","36.7%",490,374,381,"47.1%",-73.937445,40.751356,491,468,467,475.333333333333
"30Q575","70.9",30,"Academy of American Studies","Queens","Q451",874,"28.3%","7.3%","34.3%","29.3%",495,482,479,"84.8%",-73.937434,40.751331,491,468,467,475.333333333333
"30Q580","42.7",30,"Baccalaureate School for Global Education","Queens","Q798",478,"34.5%","2.5%","21.2%","39.6%",633,620,628,"98.5%",-73.927169,40.755366,491,468,467,475.333333333333
"31R047","43.1",31,"CSI High School for International Studies","Staten Island","R043",520,"55.6%","8.8%","19.8%","11.2%",477,468,464,"83.5%",-74.158589,40.581315,486,478,474,479.333333333333
"31R064","51.1",31,"Gaynor McCown Expeditionary Learning School","Staten Island","R043",479,"61.6%","13.8%","19.0%","3.3%",442,458,454,"55.8%",-74.158589,40.581315,486,478,474,479.333333333333
"31R080","51.0",31,"Michael J. Petrides School","Staten Island","R880",1327,"49.8%","22.3%","20.2%","6.9%",483,473,470,"79.2%",-74.102078,40.608517,486,478,474,479.333333333333
"31R440","60.8",31,"New Dorp High School","Staten Island","R435",2791,"51.8%","12.1%","27.8%","7.5%",454,446,444,"63.7%",-74.107737,40.569393,486,478,474,479.333333333333
"31R445","71.0",31,"Port Richmond High School","Staten Island","R445",1628,"21.7%","27.9%","42.8%","7.0%",432,427,425,"44.6%",-74.141818,40.634573,486,478,474,479.333333333333
"31R450","77.0",31,"Curtis High School","Staten Island","R450",2499,"17.7%","38.4%","36.0%","7.1%",453,458,444,"64.2%",-74.081222,40.644735,486,478,474,479.333333333333
"31R455","32.7",31,"Tottenville High School","Staten Island","R455",3982,"79.9%","1.8%","11.8%","5.1%",494,476,476,"78.9%",-74.192032,40.528092,486,478,474,479.333333333333
"31R460","56.6",31,"Susan E. Wagner High School","Staten Island","R460",3363,"47.7%","10.9%","27.0%","13.4%",496,490,487,"66.3%",-74.124227,40.596803,486,478,474,479.333333333333
"31R600","70.8",31,"Ralph R. McKee Career and Technical Education High School","Staten Island","R600",624,"19.7%","30.8%","42.5%","4.8%",420,429,409,"38.0%",-74.07873,40.642793,486,478,474,479.333333333333
"31R605","34.8",31,"Staten Island Technical High School","Staten Island","R440",1247,"52.2%","1.0%","5.2%","41.1%",711,660,670,"99.7%",-74.115373,40.567873,486,478,474,479.333333333333
"32K403","100.0",32,"Academy for Environmental Leadership","Brooklyn","K480",340,"1.5%","19.4%","77.1%","1.8%",365,366,348,"71.3%",-73.910791,40.69697,395,381,382,386
"32K545","94.7",32,"EBC High School for Public Service in Bushwick","Brooklyn","K913",514,"0.2%","8.0%","90.7%","0.4%",389,374,378,"50.0%",-73.929107,40.694507,395,381,382,386
"32K549","100.0",32,"Bushwick School for Social Justice","Brooklyn","K480",405,"2.5%","20.5%","76.0%","0.5%",365,357,357,"50.0%",-73.910791,40.69697,395,381,382,386
"32K552","98.2",32,"Academy of Urban Planning","Brooklyn","K480",279,"0.7%","23.3%","73.8%","0.7%",392,374,379,"41.9%",-73.910791,40.69697,395,381,382,386
"32K554","88.8",32,"All City Leadership Secondary School","Brooklyn","K554",358,"1.7%","14.6%","77.0%","6.2%",467,446,448,"85.0%",-73.913171,40.69737,395,381,382,386
"32K556","96.2",32,"Bushwick Leaders High School for Academic Excellence","Brooklyn","K865",317,"0.3%","16.7%","81.4%","0.9%",393,368,382,"46.8%",-73.92814,40.695056,395,381,382,386
